﻿<?xml version="1.0" encoding="utf-8"?>
<RecentLinks>
    <Dialog Name="B3.XmlMdiEditorKit.ImageGeneralDialogPage">
        <Link Value="C:\Flare Intro Training\Flare Intro Training\Cities\Content\Resources\Images\jimmies.png" />
    </Dialog>
    <Dialog Name="B3.XmlTextKit.MultimediaGeneralDialogPage" />
    <Dialog Name="B3.XmlTextKit.InsertCrossReferenceDialog">
        <Link Value="C:\Flare Intro Training\Flare Intro Training\Cities\Content\North America\San Diego.htm" />
    </Dialog>
    <Dialog Name="B3.XmlTextKit.InsertHyperlinkDialog" />
    <Dialog Name="B3.CatapultProjectUserInterfaceKit.InsertSnippetDialog">
        <Link Value="C:\Flare Intro Training\Flare Intro Training\Cities\Content\Resources\Snippets\NewSnippet.flsnp" />
    </Dialog>
</RecentLinks>